<?xml version="1.0" encoding="UTF-8"?>
<FileZilla3 version="3.59.0" platform="windows">
	<Servers>
		<Server>
			<Host>52.34.12.61</Host>
			<Port>22</Port>
			<Protocol>1</Protocol>
			<Type>0</Type>
			<User>root</User>
			<Pass encoding="base64">VGlub14lJCNAIQ==</Pass>
			<Logontype>1</Logontype>
			<EncodingType>Auto</EncodingType>
			<BypassProxy>0</BypassProxy>
			<Name>arogya</Name>
			<Comments>Tino^%$#@!</Comments>
			<SyncBrowsing>0</SyncBrowsing>
			<DirectoryComparison>0</DirectoryComparison>
		</Server>
		<Server>
			<Host>35.165.45.65</Host>
			<Port>22</Port>
			<Protocol>1</Protocol>
			<Type>0</Type>
			<User>root</User>
			<Pass encoding="base64">VGlub14lJCNAIQ==</Pass>
			<Logontype>1</Logontype>
			<EncodingType>Auto</EncodingType>
			<BypassProxy>0</BypassProxy>
			<Name>connectapp</Name>
			<Comments>Tino^%$#@!</Comments>
			<SyncBrowsing>0</SyncBrowsing>
			<DirectoryComparison>0</DirectoryComparison>
		</Server>
		<Server>
			<Host>52.34.41.75</Host>
			<Port>22</Port>
			<Protocol>1</Protocol>
			<Type>0</Type>
			<User>hlace</User>
			<Pass encoding="base64">bm92ZWxsQDEyMzQ=</Pass>
			<Logontype>1</Logontype>
			<EncodingType>Auto</EncodingType>
			<BypassProxy>0</BypassProxy>
			<Name>hlace</Name>
			<SyncBrowsing>0</SyncBrowsing>
			<DirectoryComparison>0</DirectoryComparison>
		</Server>
		<Server>
			<Host>saas-india.org</Host>
			<Port>22</Port>
			<Protocol>1</Protocol>
			<Type>0</Type>
			<User>root</User>
			<Pass encoding="base64">VGlub14lJCNAIQ==</Pass>
			<Logontype>1</Logontype>
			<EncodingType>Auto</EncodingType>
			<BypassProxy>0</BypassProxy>
			<Name>mis</Name>
			<Comments>Tino^%$#@!</Comments>
			<SyncBrowsing>0</SyncBrowsing>
			<DirectoryComparison>0</DirectoryComparison>
		</Server>
	</Servers>
</FileZilla3>
